phase,epochs,learning_rate,beta_initial,beta_boundary
1,1000,0.001,1,1
2,1000,0.0009,1,1
3,1000,0.00081,1,1
4,1000,0.000729,1,1
5,1000,0.0006561,1,1
6,1000,0.00059049,1,1
7,1000,0.000531441,1,1
8,1000,0.0004782969,1,1
9,1000,0.00043046721,1,1
10,1000,0.000387420489,1,1
